model_name,threshold,precision,recall,f1_score,roc_auc,average_precision,tn,fp,fn,tp
MLP,0.24000000000000005,0.40117994100294985,0.6862910008410429,0.5063605336642879,0.8179289716085586,0.46629696166841483,3968,1218,373,816
LogisticRegression,0.5200000000000001,0.3410355156183141,0.6703111858704794,0.45207033465683494,0.7578432196146901,0.4089943541528842,3646,1540,392,797
Dummy,0.5,0.0,0.0,0.0,0.5,0.18650980392156863,5186,0,1189,0
